"作者","Author full names","作者 ID","文献标题","年份","来源出版物名称","卷","期","论文编号","起始页码","结束页码","页码计数","施引文献","DOI","链接","文献类型","出版阶段","开放获取","来源出版物","EID"
"Zhu B.; Tian L.; Du Q.; Wu Q.; Shi L.","Zhu, Bin (57202252766); Tian, Lianfang (7202296393); Du, Qiliang (21233408300); Wu, Qiuxia (36976504900); Shi, Lixin (45261351600)","57202252766; 7202296393; 21233408300; 36976504900; 45261351600","An Improved Fractional-Order Optical Flow Model for Motion Estimation","2018","Mathematical Problems in Engineering","2018","","6278719","","","","8","10.1155/2018/6278719","https://www.scopus.com/inward/record.uri?eid=2-s2.0-85047616041&doi=10.1155%2f2018%2f6278719&partnerID=40&md5=5121d257487b8af631cefbdfa439b3ca","Article","Final","All Open Access; Green Open Access; Hybrid Gold Open Access","Scopus","2-s2.0-85047616041"
"Huang H.; Chen W.; Wu Q.; Wang H.; Cai Q.; Guo Y.","Huang, Han (60386531600); Chen, Weiyi (60131208700); Wu, Qiuxia (36976504900); Wang, Huanjun (55388998700); Cai, Qian (60438087600); Guo, Yan (60130820200)","60386531600; 60131208700; 36976504900; 55388998700; 60438087600; 60130820200","T2WI-BCMIC: Non-Fat Saturated T2-Weighted Imaging Dataset for Bladder Cancer Muscle Invasion Classification","2026","Lecture Notes in Computer Science","15972 LNCS","","","573","583","10","0","10.1007/978-3-032-05169-1_55","https://www.scopus.com/inward/record.uri?eid=2-s2.0-105018063700&doi=10.1007%2f978-3-032-05169-1_55&partnerID=40&md5=48e40e474b388462c85561b7734b32e5","Conference paper","Final","","Scopus","2-s2.0-105018063700"
"Wu Q.; Xie X.; Xu S.; Kang W.","Wu, Qiuxia (36976504900); Xie, Xinran (60585278000); Xu, Sangni (57445725400); Kang, Wenxiong (30267694900)","36976504900; 60585278000; 57445725400; 30267694900","Motion-Aware Spatio-Temporal Networks for Dynamic Gesture Recognition on Point Clouds","2026","IEEE Transactions on Biometrics, Behavior, and Identity Science","","","","","","","0","10.1109/TBIOM.2026.3695284","https://www.scopus.com/inward/record.uri?eid=2-s2.0-105039639170&doi=10.1109%2fTBIOM.2026.3695284&partnerID=40&md5=66497a935882296b6d19325ba39e0487","Article","Article in press","","Scopus","2-s2.0-105039639170"
"Wu Q.; Lan J.; Kang W.; Wang Z.; Hu K.","Wu, Qiuxia (36976504900); Lan, Jiarui (60642999800); Kang, Wenxiong (30267694900); Wang, Zhiyong (36976302000); Hu, Kun (57209197449)","36976504900; 60642999800; 30267694900; 36976302000; 57209197449","SRENet: Spectral Re-Entry Network for Point Cloud Action Recognition","2026","IEEE Transactions on Circuits and Systems for Video Technology","","","","","","","0","10.1109/TCSVT.2026.3695515","https://www.scopus.com/inward/record.uri?eid=2-s2.0-105039674415&doi=10.1109%2fTCSVT.2026.3695515&partnerID=40&md5=365e43f131a347a81c3b000e997cda57","Article","Article in press","All Open Access; Green Open Access","Scopus","2-s2.0-105039674415"
"Wu Q.; Xie X.; Xu S.; Kang W.","Wu, Qiuxia (36976504900); Xie, Xinran (60585278000); Xu, Sangni (57445725400); Kang, Wenxiong (30267694900)","36976504900; 60585278000; 57445725400; 30267694900","MoTeNet: Motion-Temporal Network for Dynamic Hand Gesture Recognition on Point Clouds","2025","2025 IEEE International Joint Conference on Biometrics, IJCB 2025","","","","","","","0","10.1109/IJCB65343.2025.11411209","https://www.scopus.com/inward/record.uri?eid=2-s2.0-105035829250&doi=10.1109%2fIJCB65343.2025.11411209&partnerID=40&md5=9d4731d9403d876d36a8ec6cc835f125","Conference paper","Final","","Scopus","2-s2.0-105035829250"
"Xiao H.; Wu Q.; Li Y.; Kang W.","Xiao, Haihong (57222134186); Wu, Qiuxia (36976504900); Li, Yuqiong (56046343800); Kang, Wenxiong (30267694900)","57222134186; 36976504900; 56046343800; 30267694900","Key techniques for three-dimensional completion：a review; [三 维 补 全 关 键 技 术 研 究 综 述]","2023","Guangxue Jingmi Gongcheng/Optics and Precision Engineering","31","5","","667","696","29","0","10.37188/OPE.20233105.0667","https://www.scopus.com/inward/record.uri?eid=2-s2.0-85151703483&doi=10.37188%2fOPE.20233105.0667&partnerID=40&md5=afbf313c42e7b812a89128b56f4fb425","Article","Final","","Scopus","2-s2.0-85151703483"
"Wu Q.; Su K.","Wu, Qiuxia (36976504900); Su, Kunming (59162498200)","36976504900; 59162498200","URINet: Unsupervised point cloud rotation invariant representation learning via semantic and structural reasoning","2024","Computer Vision and Image Understanding","248","","104136","","","","0","10.1016/j.cviu.2024.104136","https://www.scopus.com/inward/record.uri?eid=2-s2.0-85202970882&doi=10.1016%2fj.cviu.2024.104136&partnerID=40&md5=3fb5d205fda4c481ade1cce39975d956","Article","Final","","Scopus","2-s2.0-85202970882"
"Liu A.; Hu K.; Yue W.; Wu Q.; Wang Z.","Liu, Aoran (58576022600); Hu, Kun (57209197449); Yue, Wenxi (57222404023); Wu, Qiuxia (36976504900); Wang, Zhiyong (36976302000)","58576022600; 57209197449; 57222404023; 36976504900; 36976302000","Material-Aware Self-Supervised Network for Dynamic 3D Garment Simulation","2023","Proceedings - IEEE International Conference on Multimedia and Expo","2023-July","","","630","635","5","1","10.1109/ICME55011.2023.00114","https://www.scopus.com/inward/record.uri?eid=2-s2.0-85171157703&doi=10.1109%2fICME55011.2023.00114&partnerID=40&md5=1a1ba3b08e2d5e32452c2e22e90c4784","Conference paper","Final","","Scopus","2-s2.0-85171157703"
"Xiao F.; Wu Q.","Xiao, Feng (57676914900); Wu, Qiuxia (36976504900)","57676914900; 36976504900","Visual saliency based global-local feature representation for skin cancer classification","2020","IET Image Processing","14","10","","2140","2148","8","13","10.1049/iet-ipr.2019.1018","https://www.scopus.com/inward/record.uri?eid=2-s2.0-85093861734&doi=10.1049%2fiet-ipr.2019.1018&partnerID=40&md5=5f523379292756857eec3de2e2c5543a","Article","Final","All Open Access; Bronze Open Access","Scopus","2-s2.0-85093861734"
"Hong Z.; Wu Q.","Hong, Zhongcheng (57948554000); Wu, Qiuxia (36976504900)","57948554000; 36976504900","Self-supervised monocular depth estimation via two mechanisms of attention-aware cost volume","2023","Visual Computer","39","11","","5937","5951","14","3","10.1007/s00371-022-02704-x","https://www.scopus.com/inward/record.uri?eid=2-s2.0-85140986746&doi=10.1007%2fs00371-022-02704-x&partnerID=40&md5=e1194a253f1105e949b0cfa9e9d1a829","Article","Final","","Scopus","2-s2.0-85140986746"
"Gu R.; Wu Q.; Xu H.; Ng W.W.Y.; Wang Z.","Gu, Ruibin (57259353000); Wu, Qiuxia (36976504900); Xu, Hongbin (57223869954); Ng, Wing W.Y. (17135741600); Wang, Zhiyong (36976302000)","57259353000; 36976504900; 57223869954; 17135741600; 36976302000","LEARNING EFFICIENT ROTATION REPRESENTATION FOR POINT CLOUD VIA LOCAL-GLOBAL AGGREGATION","2021","Proceedings - IEEE International Conference on Multimedia and Expo","","","","","","","6","10.1109/ICME51207.2021.9428170","https://www.scopus.com/inward/record.uri?eid=2-s2.0-85126480928&doi=10.1109%2fICME51207.2021.9428170&partnerID=40&md5=8065a3901e4dbb1bb9f3a538ff34b76d","Conference paper","Final","","Scopus","2-s2.0-85126480928"
"Yan X.; Kang W.; Deng F.; Wu Q.","Yan, Xuekui (56303249000); Kang, Wenxiong (30267694900); Deng, Feiqi (7102493941); Wu, Qiuxia (36976504900)","56303249000; 30267694900; 7102493941; 36976504900","Palm vein recognition based on multi-sampling and feature-level fusion","2015","Neurocomputing","151","P2","","798","807","9","97","10.1016/j.neucom.2014.10.019","https://www.scopus.com/inward/record.uri?eid=2-s2.0-84919481719&doi=10.1016%2fj.neucom.2014.10.019&partnerID=40&md5=597340469c8f7cfb000317945cf408aa","Article","Final","","Scopus","2-s2.0-84919481719"
"Wang G.; Kang W.; Wu Q.; Wang Z.; Gao J.","Wang, Gengxing (57207110256); Kang, Wenxiong (30267694900); Wu, Qiuxia (36976504900); Wang, Zhiyong (36976302000); Gao, Junbin (7404475180)","57207110256; 30267694900; 36976504900; 36976302000; 7404475180","Generative Adversarial Network (GAN) Based Data Augmentation for Palmprint Recognition","2019","2018 International Conference on Digital Image Computing: Techniques and Applications, DICTA 2018","","","8615782","","","","48","10.1109/DICTA.2018.8615782","https://www.scopus.com/inward/record.uri?eid=2-s2.0-85062243780&doi=10.1109%2fDICTA.2018.8615782&partnerID=40&md5=ea3d23b2f7cf51a7533aa470979c4cf0","Conference paper","Final","","Scopus","2-s2.0-85062243780"
"Xu S.; Xiong H.; Wu Q.; Wang Z.; Berkovsky S.; Wang Z.","Xu, Sangni (57445725400); Xiong, Hao (57214364925); Wu, Qiuxia (36976504900); Wang, Zhihui (55719820900); Berkovsky, Shlomo (8945336100); Wang, Zhiyong (36976302000)","57445725400; 57214364925; 36976504900; 55719820900; 8945336100; 36976302000","Fast Online Adaptation of Visual SLAM via Variational Information Transfer and Preservation","2024","Proceedings of the 6th ACM International Conference on Multimedia in Asia, MMAsia 2024","","","51","","","","0","10.1145/3696409.3700212","https://www.scopus.com/inward/record.uri?eid=2-s2.0-85216184807&doi=10.1145%2f3696409.3700212&partnerID=40&md5=63203edc2b0baf7e7a9c48631a396584","Conference paper","Final","","Scopus","2-s2.0-85216184807"
"Yang W.; Luo W.; Kang W.; Huang Z.; Wu Q.","Yang, Weili (57219436501); Luo, Wei (57217446733); Kang, Wenxiong (30267694900); Huang, Zhixing (57191693209); Wu, Qiuxia (36976504900)","57219436501; 57217446733; 30267694900; 57191693209; 36976504900","FVRAS-Net: An Embedded Finger-Vein Recognition and AntiSpoofing System Using a Unified CNN","2020","IEEE Transactions on Instrumentation and Measurement","69","11","9113699","8690","8701","11","120","10.1109/TIM.2020.3001410","https://www.scopus.com/inward/record.uri?eid=2-s2.0-85092704216&doi=10.1109%2fTIM.2020.3001410&partnerID=40&md5=6962e5ec5779c6f85ed1e8a2e69beafd","Article","Final","","Scopus","2-s2.0-85092704216"
"Tang S.; Zhou S.; Kang W.; Wu Q.; Deng F.","Tang, Su (57210702815); Zhou, Shan (57210699972); Kang, Wenxiong (30267694900); Wu, Qiuxia (36976504900); Deng, Feiqi (7102493941)","57210702815; 57210699972; 30267694900; 36976504900; 7102493941","Finger vein verification using a Siamese CNN","2019","IET Biometrics","8","5","","306","315","9","65","10.1049/iet-bmt.2018.5245","https://www.scopus.com/inward/record.uri?eid=2-s2.0-85071275875&doi=10.1049%2fiet-bmt.2018.5245&partnerID=40&md5=eed3f54f510f362cb1d4bf94469e610e","Article","Final","","Scopus","2-s2.0-85071275875"
"Lu X.; Fang Y.; Wu Q.; Zhao J.; Kang W.","Lu, Xinyi (57196342982); Fang, Yuxun (57191694910); Wu, Qiuxia (36976504900); Zhao, Junhong (36555220400); Kang, Wenxiong (30267694900)","57196342982; 57191694910; 36976504900; 36555220400; 30267694900","A novel multiple distances based dynamic time warping method for online signature verification","2018","Lecture Notes in Computer Science (including subseries Lecture Notes in Artificial Intelligence and Lecture Notes in Bioinformatics)","10996 LNCS","","","645","652","7","5","10.1007/978-3-319-97909-0_68","https://www.scopus.com/inward/record.uri?eid=2-s2.0-85051974763&doi=10.1007%2f978-3-319-97909-0_68&partnerID=40&md5=0fdbbcfcc62ba2518fb183739611a6c2","Conference paper","Final","","Scopus","2-s2.0-85051974763"
"Xiao H.; Li Y.; Kang W.; Wu Q.","Xiao, Haihong (57222134186); Li, Yuqiong (56046343800); Kang, Wenxiong (30267694900); Wu, Qiuxia (36976504900)","57222134186; 56046343800; 30267694900; 36976504900","Distinguishing and Matching-Aware Unsupervised Point Cloud Completion","2023","IEEE Transactions on Circuits and Systems for Video Technology","33","9","","5160","5173","13","18","10.1109/TCSVT.2023.3250970","https://www.scopus.com/inward/record.uri?eid=2-s2.0-85149384711&doi=10.1109%2fTCSVT.2023.3250970&partnerID=40&md5=41889eb9ac4559e61bd30a6d97b22410","Article","Final","All Open Access; Green Open Access","Scopus","2-s2.0-85149384711"
"Wu Q.; Sun Y.; Cai P.; Kang W.","Wu, Qiuxia (36976504900); Sun, Yu (60584871000); Cai, Panpan (59345305300); Kang, Wenxiong (30267694900)","36976504900; 60584871000; 59345305300; 30267694900","SCDFormer: Spatial and Channel Denoising Transformer for Human Pose Estimation Using Millimeter-Wave Radar","2025","2025 IEEE International Joint Conference on Biometrics, IJCB 2025","","","","","","","0","10.1109/IJCB65343.2025.11411290","https://www.scopus.com/inward/record.uri?eid=2-s2.0-105035827940&doi=10.1109%2fIJCB65343.2025.11411290&partnerID=40&md5=e5867eec1e2d038c0a5dfa350c121fd9","Conference paper","Final","","Scopus","2-s2.0-105035827940"
"Tang L.; Fang Y.; Wu Q.; Kang W.; Zhao J.","Tang, Lei (57191694309); Fang, Yuxun (57191694910); Wu, Qiuxia (36976504900); Kang, Wenxiong (30267694900); Zhao, Junhong (36555220400)","57191694309; 57191694910; 36976504900; 30267694900; 36555220400","Online finger-writing signature verification on mobile device for local authentication","2016","Lecture Notes in Computer Science (including subseries Lecture Notes in Artificial Intelligence and Lecture Notes in Bioinformatics)","9967 LNCS","","","409","416","7","5","10.1007/978-3-319-46654-5_45","https://www.scopus.com/inward/record.uri?eid=2-s2.0-84992449626&doi=10.1007%2f978-3-319-46654-5_45&partnerID=40&md5=d8c61043c1891d9db5049c5728318d76","Conference paper","Final","","Scopus","2-s2.0-84992449626"
"Kang W.; Chen X.; Wu Q.","Kang, Wenxiong (30267694900); Chen, Xiaopeng (55937650100); Wu, Qiuxia (36976504900)","30267694900; 55937650100; 36976504900","The biometric recognition on contactless multi-spectrum finger images","2015","Infrared Physics and Technology","68","","","19","27","8","37","10.1016/j.infrared.2014.10.007","https://www.scopus.com/inward/record.uri?eid=2-s2.0-84911065430&doi=10.1016%2fj.infrared.2014.10.007&partnerID=40&md5=553473eaa6294bbb7ac804eb7a788df7","Article","Final","","Scopus","2-s2.0-84911065430"
"Wu Q.; Wang Z.; Deng F.; Feng D.D.","Wu, Qiuxia (36976504900); Wang, Zhiyong (36976302000); Deng, Feiqi (7102493941); Feng, David Dagan (7401981167)","36976504900; 36976302000; 7102493941; 7401981167","Realistic human action recognition with audio context","2010","Proceedings - 2010 Digital Image Computing: Techniques and Applications, DICTA 2010","","","5692578","288","293","5","11","10.1109/DICTA.2010.57","https://www.scopus.com/inward/record.uri?eid=2-s2.0-79951644084&doi=10.1109%2fDICTA.2010.57&partnerID=40&md5=87b89c4100c32a14adc69e56ec100d30","Conference paper","Final","","Scopus","2-s2.0-79951644084"
"Wu Q.; Wang Z.; Su K.; Xu S.","Wu, Qiuxia (36976504900); Wang, Zicheng (59162727900); Su, Kunming (59162498200); Xu, Sangni (57445725400)","36976504900; 59162727900; 59162498200; 57445725400","GSTNET: GAIT SPATIO-TEMPORAL NETWORK FOR GAIT RECOGNITION USING MILLIMETER-WAVE RADAR","2024","ICASSP, IEEE International Conference on Acoustics, Speech and Signal Processing - Proceedings","","","","4855","4859","4","1","10.1109/ICASSP48485.2024.10447288","https://www.scopus.com/inward/record.uri?eid=2-s2.0-85195363403&doi=10.1109%2fICASSP48485.2024.10447288&partnerID=40&md5=8408b6f07cc899011e884499d19ccc84","Conference paper","Final","","Scopus","2-s2.0-85195363403"
"Xu H.; Zhou Z.; Qiao Y.; Kang W.; Wu Q.","Xu, Hongbin (57223869954); Zhou, Zhipeng (57219636361); Qiao, Yu (36086392600); Kang, Wenxiong (30267694900); Wu, Qiuxia (36976504900)","57223869954; 57219636361; 36086392600; 30267694900; 36976504900","Self-supervised Multi-view Stereo via Effective Co-Segmentation and Data-Augmentation","2021","35th AAAI Conference on Artificial Intelligence, AAAI 2021","4A","","","3030","3038","8","85","10.1609/aaai.v35i4.16411","https://www.scopus.com/inward/record.uri?eid=2-s2.0-85130023461&doi=10.1609%2faaai.v35i4.16411&partnerID=40&md5=f4278a4d3c49d1e854b0a2814a67542e","Conference paper","Final","All Open Access; Gold Open Access","Scopus","2-s2.0-85130023461"
"Zhu B.; Tian L.-F.; Du Q.-L.; Wu Q.-X.; Sahl F.Z.; Yeboah Y.","Zhu, Bin (57202252766); Tian, Lian-Fang (7202296393); Du, Qi-Liang (21233408300); Wu, Qiu-Xia (36976504900); Sahl, Farisi Zeyad (57208264198); Yeboah, Yao (57204436082)","57202252766; 7202296393; 21233408300; 36976504900; 57208264198; 57204436082","Adaptive dual fractional-order variational optical flow model for motion estimation","2019","IET Computer Vision","13","3","","277","284","7","6","10.1049/iet-cvi.2018.5285","https://www.scopus.com/inward/record.uri?eid=2-s2.0-85064277406&doi=10.1049%2fiet-cvi.2018.5285&partnerID=40&md5=a5cfd582d589427e669278aacfa4e7b5","Article","Final","","Scopus","2-s2.0-85064277406"
"Liu X.; Wu Q.; Kang W.; Li Y.","Liu, Xianying (58171996400); Wu, Qiuxia (36976504900); Kang, Wenxiong (30267694900); Li, Yuqiong (56046343800)","58171996400; 36976504900; 30267694900; 56046343800","Rotation-invariant 2D views-3D point clouds auto-encoder; [旋转不变的 2D 视图-3D 点云自编码器]","2023","Guangxue Jingmi Gongcheng/Optics and Precision Engineering","31","5","","656","666","10","0","10.37188/OPE.20233105.0656","https://www.scopus.com/inward/record.uri?eid=2-s2.0-85151753832&doi=10.37188%2fOPE.20233105.0656&partnerID=40&md5=d4db24c8d49176bbc41dfd3b548594f8","Article","Final","","Scopus","2-s2.0-85151753832"
"Wu Q.; Lu S.; Wang Z.; Deng F.; Kang W.; Feng D.D.","Wu, Qiuxia (36976504900); Lu, Shiyang (18134091000); Wang, Zhiyong (36976302000); Deng, Feiqi (7102493941); Kang, Wenxiong (30267694900); Feng, David Dagan (7401981167)","36976504900; 18134091000; 36976302000; 7102493941; 30267694900; 7401981167","Structure context of local features in realistic human action recognition","2011","Proceedings of the IEEE International Conference on Computer Vision","","","6130427","1496","1501","5","2","10.1109/ICCVW.2011.6130427","https://www.scopus.com/inward/record.uri?eid=2-s2.0-84863064265&doi=10.1109%2fICCVW.2011.6130427&partnerID=40&md5=92cc5b881397fe7ad2b6b88ab041aaa4","Conference paper","Final","","Scopus","2-s2.0-84863064265"
"Fang L.; Wu G.; Kang W.; Wu Q.; Wang Z.; Feng D.D.","Fang, Linpu (57203923449); Wu, Guile (58415781400); Kang, Wenxiong (30267694900); Wu, Qiuxia (36976504900); Wang, Zhiyong (36976302000); Feng, David Dagan (7401981167)","57203923449; 58415781400; 30267694900; 36976504900; 36976302000; 7401981167","Feature covariance matrix-based dynamic hand gesture recognition","2019","Neural Computing and Applications","31","12","","8533","8546","13","8","10.1007/s00521-018-3719-3","https://www.scopus.com/inward/record.uri?eid=2-s2.0-85053625614&doi=10.1007%2fs00521-018-3719-3&partnerID=40&md5=b35b56b574f79e378920e37d594e06f6","Article","Final","","Scopus","2-s2.0-85053625614"
"Feng F.; Huang H.; Wu Q.; Ling X.; Liang Y.; Cai Z.","Feng, Fujian (55825403600); Huang, Han (55738302300); Wu, Qiuxia (36976504900); Ling, Xiao (57216951352); Liang, Yihui (57015865100); Cai, Zhaoquan (16237958100)","55825403600; 55738302300; 36976504900; 57216951352; 57015865100; 16237958100","An alpha matting algorithm based on collaborative swarm optimization for high-resolution images; [基于群体协同优化的高清图像前景遮罩提取算法]","2020","Scientia Sinica Informationis","50","3","","424","437","13","11","10.1360/SSI-2019-0181","https://www.scopus.com/inward/record.uri?eid=2-s2.0-85085501450&doi=10.1360%2fSSI-2019-0181&partnerID=40&md5=696ad1fe6ac385b36f9b49db04da181e","Article","Final","","Scopus","2-s2.0-85085501450"
"Wu Q.; Wang Z.; Deng F.; Chi Z.; Feng D.D.","Wu, Qiuxia (36976504900); Wang, Zhiyong (36976302000); Deng, Feiqi (7102493941); Chi, Zheru (7102397134); Feng, David Dagan (7401981167)","36976504900; 36976302000; 7102493941; 7102397134; 7401981167","Realistic human action recognition with multimodal feature selection and fusion","2013","IEEE Transactions on Systems, Man, and Cybernetics Part A:Systems and Humans","43","4","","875","885","10","79","10.1109/TSMCA.2012.2226575","https://www.scopus.com/inward/record.uri?eid=2-s2.0-84887050628&doi=10.1109%2fTSMCA.2012.2226575&partnerID=40&md5=f175d4b0c52ab05e399dd7bca96ed450","Article","Final","","Scopus","2-s2.0-84887050628"
"Wu Q.; Deng H.; Hu K.; Wang Z.","Wu, Qiuxia (36976504900); Deng, Haipeng (57928645500); Hu, Kun (57209197449); Wang, Zhiyong (36976302000)","36976504900; 57928645500; 57209197449; 36976302000","Music source separation via hybrid waveform and spectrogram based generative adversarial network","2025","Multimedia Tools and Applications","84","31","","37655","37669","14","4","10.1007/s11042-024-20038-9","https://www.scopus.com/inward/record.uri?eid=2-s2.0-85201705208&doi=10.1007%2fs11042-024-20038-9&partnerID=40&md5=2937f241e9211e54a8fe5b71639de1ef","Article","Final","","Scopus","2-s2.0-85201705208"
"Kang W.; Wu Q.","Kang, Wenxiong (30267694900); Wu, Qiuxia (36976504900)","30267694900; 36976504900","Contactless palm vein recognition using a mutual foreground-based local binary pattern","2014","IEEE Transactions on Information Forensics and Security","9","11","6914608","1974","1985","11","156","10.1109/TIFS.2014.2361020","https://www.scopus.com/inward/record.uri?eid=2-s2.0-84908244423&doi=10.1109%2fTIFS.2014.2361020&partnerID=40&md5=ade481eeba849591395ec5ecd72ad92b","Article","Final","","Scopus","2-s2.0-84908244423"
"Gu R.; Wu Q.; Ng W.W.Y.; Xu H.; Wang Z.","Gu, Ruibin (57259353000); Wu, Qiuxia (36976504900); Ng, Wing W.Y. (17135741600); Xu, Hongbin (57223869954); Wang, Zhiyong (36976302000)","57259353000; 36976504900; 17135741600; 57223869954; 36976302000","ERINet: Enhanced rotation-invariant network for point cloud classification","2021","Pattern Recognition Letters","151","","","180","186","6","6","10.1016/j.patrec.2021.08.010","https://www.scopus.com/inward/record.uri?eid=2-s2.0-85114937963&doi=10.1016%2fj.patrec.2021.08.010&partnerID=40&md5=ea4635a7fc08cedc5b8f71efc4d99f89","Article","Final","","Scopus","2-s2.0-85114937963"
"Fang Y.; Kang W.; Wu Q.; Tang L.","Fang, Yuxun (57191694910); Kang, Wenxiong (30267694900); Wu, Qiuxia (36976504900); Tang, Lei (57191694309)","57191694910; 30267694900; 36976504900; 57191694309","A novel video-based system for in-air signature verification","2017","Computers and Electrical Engineering","57","","","1","14","13","39","10.1016/j.compeleceng.2016.11.010","https://www.scopus.com/inward/record.uri?eid=2-s2.0-84994876886&doi=10.1016%2fj.compeleceng.2016.11.010&partnerID=40&md5=d66f55c7ecfa42fc4e860620bb7232b8","Article","Final","","Scopus","2-s2.0-84994876886"
"Gu R.; Wu Q.; Li Y.; Kang W.; Ng W.W.Y.; Wang Z.","Gu, Ruibin (57259353000); Wu, Qiuxia (36976504900); Li, Yuqiong (56046343800); Kang, Wenxiong (30267694900); Ng, Wing W. Y. (17135741600); Wang, Zhiyong (36976302000)","57259353000; 36976504900; 56046343800; 30267694900; 17135741600; 36976302000","Enhanced Local and Global Learning for Rotation-Invariant Point Cloud Representation","2022","IEEE Multimedia","29","4","","24","37","13","11","10.1109/MMUL.2022.3151906","https://www.scopus.com/inward/record.uri?eid=2-s2.0-85124848573&doi=10.1109%2fMMUL.2022.3151906&partnerID=40&md5=3b2a896d4eae5515eb9b4ef791dd2f00","Article","Final","","Scopus","2-s2.0-85124848573"
"Huang Z.; Kang W.; Wu Q.; Zhao J.; Jia W.","Huang, Zhixing (57198606887); Kang, Wenxiong (30267694900); Wu, Qiuxia (36976504900); Zhao, Junhong (36555220400); Jia, Wei (57190406993)","57198606887; 30267694900; 36976504900; 36555220400; 57190406993","A finger vein identification system based on image quality assessment","2016","Lecture Notes in Computer Science (including subseries Lecture Notes in Artificial Intelligence and Lecture Notes in Bioinformatics)","9967 LNCS","","","244","254","10","11","10.1007/978-3-319-46654-5_27","https://www.scopus.com/inward/record.uri?eid=2-s2.0-84992472471&doi=10.1007%2f978-3-319-46654-5_27&partnerID=40&md5=fe6d3dc0fec4fec8ae620cdbd95fed06","Conference paper","Final","","Scopus","2-s2.0-84992472471"
"Xu S.; Xiong H.; Wu Q.; Wang Z.","Xu, Sangni (57445725400); Xiong, Hao (57214364925); Wu, Qiuxia (36976504900); Wang, Zhiyong (36976302000)","57445725400; 57214364925; 36976504900; 36976302000","Attention-based Long-term Modeling for Deep Visual Odometry","2021","DICTA 2021 - 2021 International Conference on Digital Image Computing: Techniques and Applications","","","","","","","5","10.1109/DICTA52665.2021.9647140","https://www.scopus.com/inward/record.uri?eid=2-s2.0-85124260615&doi=10.1109%2fDICTA52665.2021.9647140&partnerID=40&md5=a6a343a14e0e7f0e2a4d34802b9edc83","Conference paper","Final","","Scopus","2-s2.0-85124260615"
"Wu Q.; Huang H.; Su K.; Wang Z.; Hu K.","Wu, Qiuxia (36976504900); Huang, Haiyang (59538707000); Su, Kunming (59162498200); Wang, Zhiyong (36976302000); Hu, Kun (57209197449)","36976504900; 59538707000; 59162498200; 36976302000; 57209197449","DC-PCN: Point Cloud Completion Network with Dual-Codebook Guided Quantization","2025","Proceedings of the AAAI Conference on Artificial Intelligence","39","8","","8441","8449","8","5","10.1609/aaai.v39i8.32911","https://www.scopus.com/inward/record.uri?eid=2-s2.0-105004306341&doi=10.1609%2faaai.v39i8.32911&partnerID=40&md5=11dacccc368c02be57b0a0643fcad96a","Conference paper","Final","All Open Access; Gold Open Access","Scopus","2-s2.0-105004306341"
"Li D.; Yue X.; Wu Q.; Kang W.","Li, Dejian (56424025400); Yue, Xishun (56180002900); Wu, Qiuxia (36976504900); Kang, Wenxiong (30267694900)","56424025400; 56180002900; 36976504900; 30267694900","CPGF: Core point detection from global feature for fingerprint","2015","Lecture Notes in Computer Science (including subseries Lecture Notes in Artificial Intelligence and Lecture Notes in Bioinformatics)","9428","","","224","232","8","2","10.1007/978-3-319-25417-3_27","https://www.scopus.com/inward/record.uri?eid=2-s2.0-84950262901&doi=10.1007%2f978-3-319-25417-3_27&partnerID=40&md5=f88a9fa13384cb1f4af7647d2fae49e5","Conference paper","Final","","Scopus","2-s2.0-84950262901"
"Liu A.; Hu K.; Mo C.A.; Wu Q.; Kang W.; Wang Z.","Liu, Aoran (58576022600); Hu, Kun (57209197449); Mo, Clinton Ansun (57344648400); Wu, Qiuxia (36976504900); Kang, Wenxiong (30267694900); Wang, Zhiyong (36976302000)","58576022600; 57209197449; 57344648400; 36976504900; 30267694900; 36976302000","Pb4U-GNet: Resolution-Adaptive Garment Simulation via Propagation-before-Update Graph Network","2026","Proceedings of the AAAI Conference on Artificial Intelligence","40","9","","7060","7068","8","0","10.1609/aaai.v40i9.37641","https://www.scopus.com/inward/record.uri?eid=2-s2.0-105034387638&doi=10.1609%2faaai.v40i9.37641&partnerID=40&md5=be9d166d9f4bf5303a6300428b48f26a","Conference paper","Final","All Open Access; Gold Open Access; Green Open Access","Scopus","2-s2.0-105034387638"
"Wu Q.-X.; Deng F.-Q.; Kang W.-X.","Wu, Qiu-Xia (36976504900); Deng, Fei-Qi (7102493941); Kang, Wen-Xiong (30267694900)","36976504900; 7102493941; 30267694900","Human action recognition in complex scenes based on fuzzy integral fusion","2012","Huanan Ligong Daxue Xuebao/Journal of South China University of Technology (Natural Science)","40","1","","146","151","5","4","10.3969/j.issn.1000-565X.2012.01.025","https://www.scopus.com/inward/record.uri?eid=2-s2.0-84859388435&doi=10.3969%2fj.issn.1000-565X.2012.01.025&partnerID=40&md5=f6a9ad2139240b2ad59af7ce9e246c67","Article","Final","","Scopus","2-s2.0-84859388435"
"Fang Y.; Wu Q.; Kang W.","Fang, Yuxun (57191694910); Wu, Qiuxia (36976504900); Kang, Wenxiong (30267694900)","57191694910; 36976504900; 30267694900","A novel finger vein verification system based on two-stream convolutional network learning","2018","Neurocomputing","290","","","100","107","7","149","10.1016/j.neucom.2018.02.042","https://www.scopus.com/inward/record.uri?eid=2-s2.0-85044104095&doi=10.1016%2fj.neucom.2018.02.042&partnerID=40&md5=b45815c6b192c2530179ce0e9f9bfa76","Article","Final","","Scopus","2-s2.0-85044104095"
"Zhuang X.; Kang W.; Wu Q.","Zhuang, Xiaobin (56118613000); Kang, Wenxiong (30267694900); Wu, Qiuxia (36976504900)","56118613000; 30267694900; 36976504900","Real-time vehicle detection with foreground-based cascade classifier","2016","IET Image Processing","10","4","","289","296","7","30","10.1049/iet-ipr.2015.0333","https://www.scopus.com/inward/record.uri?eid=2-s2.0-84961615755&doi=10.1049%2fiet-ipr.2015.0333&partnerID=40&md5=2825fc97c88b4446805a8109ec4338c1","Article","Final","","Scopus","2-s2.0-84961615755"
"Kan J.; Hu K.; Wang Z.; Wu Q.; Hagenbuchner M.; Tsoi A.C.","Kan, Jichao (57483751700); Hu, Kun (57209197449); Wang, Zhiyong (36976302000); Wu, Qiuxia (36976504900); Hagenbuchner, Markus (6602995698); Tsoi, Ah Chung (57204299043)","57483751700; 57209197449; 36976302000; 36976504900; 6602995698; 57204299043","Topic-Guided Local-Global Graph Neural Network for Image Captioning","2021","2021 IEEE International Conference on Multimedia and Expo Workshops, ICMEW 2021","","","","","","","3","10.1109/ICMEW53276.2021.9455991","https://www.scopus.com/inward/record.uri?eid=2-s2.0-85130724708&doi=10.1109%2fICMEW53276.2021.9455991&partnerID=40&md5=ae7b4f6f755b176b620056e40345d805","Conference paper","Final","","Scopus","2-s2.0-85130724708"
"Wu Q.; Li L.","Wu, Qiuxia (36976504900); Li, Lingmin (57221729543)","36976504900; 57221729543","3D Object Detection Based on Point Cloud Bird's Eye View Remapping; [基于点云俯视图重映射的3D目标检测]","2021","Huanan Ligong Daxue Xuebao/Journal of South China University of Technology (Natural Science)","49","1","","39","46","7","1","10.12141/j.issn.1000-565X.200373","https://www.scopus.com/inward/record.uri?eid=2-s2.0-85099967342&doi=10.12141%2fj.issn.1000-565X.200373&partnerID=40&md5=ab7c52ee9d82544e223d415680a4b5d5","Article","Final","","Scopus","2-s2.0-85099967342"
"Liang R.; Wu Q.; Yang X.","Liang, Ruolin (57215284143); Wu, Qiuxia (36976504900); Yang, Xiaowei (56153285000)","57215284143; 36976504900; 56153285000","Multi-Pooling Attention Learning for Melanoma Recognition","2019","2019 Digital Image Computing: Techniques and Applications, DICTA 2019","","","8945868","","","","4","10.1109/DICTA47822.2019.8945868","https://www.scopus.com/inward/record.uri?eid=2-s2.0-85078699617&doi=10.1109%2fDICTA47822.2019.8945868&partnerID=40&md5=dee509a848e515898db04fef0fbf1bb4","Conference paper","Final","","Scopus","2-s2.0-85078699617"
"Kang W.; Wu Q.","Kang, Wenxiong (30267694900); Wu, Qiuxia (36976504900)","30267694900; 36976504900","Pose-invariant hand shape recognition based on finger geometry","2014","IEEE Transactions on Systems, Man, and Cybernetics: Systems","44","11","6849493","1510","1521","11","33","10.1109/TSMC.2014.2330551","https://www.scopus.com/inward/record.uri?eid=2-s2.0-84908112452&doi=10.1109%2fTSMC.2014.2330551&partnerID=40&md5=61e1208d3276533e0f164ab94ed947c4","Article","Final","","Scopus","2-s2.0-84908112452"
"Yu K.; Wang Z.; Guan G.; Wu Q.; Chi Z.; Feng D.","Yu, Kaimin (36976872400); Wang, Zhiyong (36976302000); Guan, Genliang (25928507700); Wu, Qiuxia (36976504900); Chi, Zheru (7102397134); Feng, Dagan (7401981167)","36976872400; 36976302000; 25928507700; 36976504900; 7102397134; 7401981167","How many frames does facial expression recognition require?","2012","Proceedings of the 2012 IEEE International Conference on Multimedia and Expo Workshops, ICMEW 2012","","","6266270","290","295","5","1","10.1109/ICMEW.2012.56","https://www.scopus.com/inward/record.uri?eid=2-s2.0-84866845272&doi=10.1109%2fICMEW.2012.56&partnerID=40&md5=8d14c5ae721a95daa22747f87ae7d6ab","Conference paper","Final","","Scopus","2-s2.0-84866845272"
"Xu S.; Xiong H.; Wu Q.; Yao T.; Wang Z.; Wang Z.","Xu, Sangni (57445725400); Xiong, Hao (57214364925); Wu, Qiuxia (36976504900); Yao, Tingting (55935685700); Wang, Zhihui (55719820900); Wang, Zhiyong (36976302000)","57445725400; 57214364925; 36976504900; 55935685700; 55719820900; 36976302000","Online Visual SLAM Adaptation against Catastrophic Forgetting with Cycle-Consistent Contrastive Learning","2023","Proceedings - IEEE International Conference on Robotics and Automation","2023-May","","","6196","6202","6","3","10.1109/ICRA48891.2023.10161464","https://www.scopus.com/inward/record.uri?eid=2-s2.0-85168666209&doi=10.1109%2fICRA48891.2023.10161464&partnerID=40&md5=e5de50b9c5f104b8e224a7639135f212","Conference paper","Final","","Scopus","2-s2.0-85168666209"
"Ng W.W.Y.; Li J.; Zhang J.; Wu Q.; Li J.","Ng, Wing W. Y. (17135741600); Li, Jinde (57198359450); Zhang, Jianjun (57194600933); Wu, Qiuxia (36976504900); Li, Jiayong (57198359451)","17135741600; 57198359450; 57194600933; 36976504900; 57198359451","Visual words selection for human action recognition using rbfnn via the minimization of L-GEM","2017","International Conference on Wavelet Analysis and Pattern Recognition","1","","8076686","183","187","4","4","10.1109/ICWAPR.2017.8076686","https://www.scopus.com/inward/record.uri?eid=2-s2.0-85036462401&doi=10.1109%2fICWAPR.2017.8076686&partnerID=40&md5=7ac479b000e478d8a0f51ab234bd17e2","Conference paper","Final","","Scopus","2-s2.0-85036462401"
"Kang W.; Liu Y.; Wu Q.; Yue X.","Kang, Wenxiong (30267694900); Liu, Yang (59449620400); Wu, Qiuxia (36976504900); Yue, Xishun (56180002900)","30267694900; 59449620400; 36976504900; 56180002900","Contact-free palm-vein recognition based on local invariant features","2014","PLoS ONE","9","5","e97548","","","","88","10.1371/journal.pone.0097548","https://www.scopus.com/inward/record.uri?eid=2-s2.0-84901416261&doi=10.1371%2fjournal.pone.0097548&partnerID=40&md5=80d6538abebbfded3d5de78b7dddb5ac","Article","Final","All Open Access; Gold Open Access; Green Open Access","Scopus","2-s2.0-84901416261"
"Wu Q.; Wang Z.; Deng F.; Xia Y.; Kang W.; Feng D.D.","Wu, Qiuxia (36976504900); Wang, Zhiyong (36976302000); Deng, Feiqi (7102493941); Xia, Yong (26427407400); Kang, Wenxiong (30267694900); Feng, David Dagan (7401981167)","36976504900; 36976302000; 7102493941; 26427407400; 30267694900; 7401981167","Discriminative two-level feature selection for realistic human action recognition","2013","Journal of Visual Communication and Image Representation","24","7","","1064","1074","10","9","10.1016/j.jvcir.2013.07.001","https://www.scopus.com/inward/record.uri?eid=2-s2.0-84881193309&doi=10.1016%2fj.jvcir.2013.07.001&partnerID=40&md5=8aa9f4ecba1e27a2934f3e1a68175088","Article","Final","","Scopus","2-s2.0-84881193309"
"Su K.; Wu Q.; Cai P.; Zhu X.; Lu X.; Wang Z.; Hu K.","Su, Kunming (59162498200); Wu, Qiuxia (36976504900); Cai, Panpan (59345305300); Zhu, Xiaogang (57215327205); Lu, Xuequan (55794820600); Wang, Zhiyong (36976302000); Hu, Kun (57209197449)","59162498200; 36976504900; 59345305300; 57215327205; 55794820600; 36976302000; 57209197449","RI-MAE: Rotation-Invariant Masked AutoEncoders for Self-Supervised Point Cloud Representation Learning","2025","Proceedings of the AAAI Conference on Artificial Intelligence","39","7","","7015","7023","8","12","10.1609/aaai.v39i7.32753","https://www.scopus.com/inward/record.uri?eid=2-s2.0-105004029792&doi=10.1609%2faaai.v39i7.32753&partnerID=40&md5=7b21a933b0e5a3a62da8e764d69fc23f","Conference paper","Final","All Open Access; Gold Open Access","Scopus","2-s2.0-105004029792"
"Wang Z.; Wu Q.","Wang, Zicheng (59162727900); Wu, Qiuxia (36976504900)","59162727900; 36976504900","WaveLoss: An Adaptive Dynamic Loss for Deep Gait Recognition","2025","Proceedings of the AAAI Conference on Artificial Intelligence","39","8","","8259","8267","8","4","10.1609/aaai.v39i8.32891","https://www.scopus.com/inward/record.uri?eid=2-s2.0-105004274116&doi=10.1609%2faaai.v39i8.32891&partnerID=40&md5=3261351d00f2efe36f85ea3e33a97bf0","Conference paper","Final","All Open Access; Gold Open Access","Scopus","2-s2.0-105004274116"
"Qiu X.; Tian S.; Kang W.; Jia W.; Wu Q.","Qiu, Xinwei (57195986772); Tian, Senping (7202367505); Kang, Wenxiong (30267694900); Jia, Wei (57190406993); Wu, Qiuxia (36976504900)","57195986772; 7202367505; 30267694900; 57190406993; 36976504900","Finger Vein Presentation Attack Detection Using Convolutional Neural Networks","2017","Lecture Notes in Computer Science (including subseries Lecture Notes in Artificial Intelligence and Lecture Notes in Bioinformatics)","10568 LNCS","","","296","305","9","14","10.1007/978-3-319-69923-3_32","https://www.scopus.com/inward/record.uri?eid=2-s2.0-85032660502&doi=10.1007%2f978-3-319-69923-3_32&partnerID=40&md5=de91d5f50f70181b6c684d822651847b","Conference paper","Final","","Scopus","2-s2.0-85032660502"
"Jian Z.; Yue W.; Wu Q.; Li W.; Wang Z.; Lam V.","Jian, Zhiteng (57222402773); Yue, Wenxi (57222404023); Wu, Qiuxia (36976504900); Li, Wei (57214815586); Wang, Zhiyong (36976302000); Lam, Vincent (14828037100)","57222402773; 57222404023; 36976504900; 57214815586; 36976302000; 14828037100","Multitask Learning for Video-based Surgical Skill Assessment","2020","2020 Digital Image Computing: Techniques and Applications, DICTA 2020","","","9363408","","","","16","10.1109/DICTA51227.2020.9363408","https://www.scopus.com/inward/record.uri?eid=2-s2.0-85102615137&doi=10.1109%2fDICTA51227.2020.9363408&partnerID=40&md5=28b3ed063885d2db98dfde08ef63ab47","Conference paper","Final","","Scopus","2-s2.0-85102615137"
"Deng H.; Wu Q.; Huang H.; Yang X.; Wang Z.","Deng, Haipeng (57928645500); Wu, Qiuxia (36976504900); Huang, Han (55738302300); Yang, Xiaowei (56153285000); Wang, Zhiyong (36976302000)","57928645500; 36976504900; 55738302300; 56153285000; 36976302000","InvolutionGAN: lightweight GAN with involution for unsupervised image-to-image translation","2023","Neural Computing and Applications","35","22","","16593","16605","12","12","10.1007/s00521-023-08530-z","https://www.scopus.com/inward/record.uri?eid=2-s2.0-85153509698&doi=10.1007%2fs00521-023-08530-z&partnerID=40&md5=27cd694fbe53ee577b042a0b57db02c7","Article","Final","","Scopus","2-s2.0-85153509698"
"Xiao F.; Wu Q.; Huang H.","Xiao, Feng (57676914900); Wu, Qiuxia (36976504900); Huang, Han (55738302300)","57676914900; 36976504900; 55738302300","Single-scale siamese network based RGB-D object tracking with adaptive bounding boxes","2021","Neurocomputing","451","","","192","204","12","9","10.1016/j.neucom.2021.04.016","https://www.scopus.com/inward/record.uri?eid=2-s2.0-85105495871&doi=10.1016%2fj.neucom.2021.04.016&partnerID=40&md5=ce628e73e4f5c08eea0fa5315d123106","Article","Final","","Scopus","2-s2.0-85105495871"
"Su X.; Wu Q.","Su, Xinpei (58298450100); Wu, Qiuxia (36976504900)","58298450100; 36976504900","Multi-stages de-smoking model based on CycleGAN for surgical de-smoking","2023","International Journal of Machine Learning and Cybernetics","14","11","","3965","3978","13","14","10.1007/s13042-023-01875-w","https://www.scopus.com/inward/record.uri?eid=2-s2.0-85160826111&doi=10.1007%2fs13042-023-01875-w&partnerID=40&md5=9a8d85a2c1811514328a32c146e45bdc","Article","Final","","Scopus","2-s2.0-85160826111"
"Xu H.; Wang L.; Wu Q.; Kang W.","Xu, Hongbin (57223869954); Wang, Lvequan (59881544800); Wu, Qiuxia (36976504900); Kang, Wenxiong (30267694900)","57223869954; 59881544800; 36976504900; 30267694900","PVLNet: Parameterized-View-Learning neural network for 3D shape recognition","2021","Computers and Graphics (Pergamon)","98","","","71","81","10","4","10.1016/j.cag.2021.04.036","https://www.scopus.com/inward/record.uri?eid=2-s2.0-85106255932&doi=10.1016%2fj.cag.2021.04.036&partnerID=40&md5=5258b6b300810cd9fc03c34592d234f8","Article","Final","","Scopus","2-s2.0-85106255932"
"Xu H.; Yang W.; Wu Q.; Kang W.","Xu, Hongbin (57223869954); Yang, Weili (57219436501); Wu, Qiuxia (36976504900); Kang, Wenxiong (30267694900)","57223869954; 57219436501; 36976504900; 30267694900","Endowing rotation invariance for 3D finger shape and vein verification","2022","Frontiers of Computer Science","16","5","165332","","","","12","10.1007/s11704-021-0475-9","https://www.scopus.com/inward/record.uri?eid=2-s2.0-85124393057&doi=10.1007%2fs11704-021-0475-9&partnerID=40&md5=f97d84c0a38c20066ec0f5f12f940f85","Article","Final","","Scopus","2-s2.0-85124393057"
"Wang T.; Ng W.W.Y.; Li J.; Wu Q.; Zhang S.; Nugent C.; Shewell C.","Wang, Ting (57215847184); Ng, Wing W. Y. (17135741600); Li, Jinde (57198359450); Wu, Qiuxia (36976504900); Zhang, Shuai (36163802900); Nugent, Chris (7007042892); Shewell, Colin (56495237800)","57215847184; 17135741600; 57198359450; 36976504900; 36163802900; 7007042892; 56495237800","A Deep Clustering via Automatic Feature Embedded Learning for Human Activity Recognition","2022","IEEE Transactions on Circuits and Systems for Video Technology","32","1","","210","223","13","26","10.1109/TCSVT.2021.3057469","https://www.scopus.com/inward/record.uri?eid=2-s2.0-85100864711&doi=10.1109%2fTCSVT.2021.3057469&partnerID=40&md5=e77d23e2d1d4d2199cb181a487f299f9","Article","Final","All Open Access; Green Open Access","Scopus","2-s2.0-85100864711"
"Huang Z.; Kang W.; Wu Q.; Chen X.","Huang, Zeyi (56415294000); Kang, Wenxiong (30267694900); Wu, Qiuxia (36976504900); Chen, Xiaopeng (55937650100)","56415294000; 30267694900; 36976504900; 55937650100","A new descriptor resistant to affine transformation and monotonic intensity change","2014","Computer Vision and Image Understanding","120","","","117","125","8","9","10.1016/j.cviu.2013.10.010","https://www.scopus.com/inward/record.uri?eid=2-s2.0-84894046209&doi=10.1016%2fj.cviu.2013.10.010&partnerID=40&md5=8e1989ab92ef951152a8c4b1b2579a6a","Article","Final","","Scopus","2-s2.0-84894046209"
